{
  "train": {
    "MAE_horas": 8.538573265075684,
    "RMSE_horas": 11.278522491455078,
    "R2": 0.9239439964294434,
    "MAPE_pct": 12.14547061920166
  },
  "val": {
    "MAE_horas": 11.855610847473145,
    "RMSE_horas": 15.874457359313965,
    "R2": 0.8521270751953125,
    "MAPE_pct": 16.860031127929688
  },
  "test": {
    "MAE_horas": 13.264627456665039,
    "RMSE_horas": 17.33513641357422,
    "R2": 0.8236047625541687,
    "MAPE_pct": 18.504638671875
  }
}